[
{
  "model": "auth.user",
  "pk": 4,
  "fields": {
    "password": "pbkdf2_sha256$1200000$aVASxbVrcKqTEMcXZFTZnd$hYyPmhzVBDJl6JofWrJnAz88ac1wHRks5p5WwaD/iaU=",
    "last_login": null,
    "is_superuser": false,
    "username": "offline_client",
    "first_name": "Очный",
    "last_name": "клиент",
    "email": "offline@mercury.ru",
    "is_staff": false,
    "is_active": true,
    "date_joined": "2026-04-01T16:12:37.078Z",
    "groups": [],
    "user_permissions": []
  }
},
{
  "model": "sessions.session",
  "pk": "m3gti9nc7x0g3u4j6xd4w4rps11r9qi6",
  "fields": {
    "session_data": ".eJxVjDsOwjAQBe_iGlnrf0xJzxmsXXuDA8iR4qRC3B0ipYD2zcx7iYTbWtPWeUlTEWehxOl3I8wPbjsod2y3Wea5rctEclfkQbu8zoWfl8P9O6jY67e2SDYE543WOZSxOJMjeVCaQeHgPACDRvaAKlNkQmPQGc5mcNFbGMX7A9J3N4Q:1w8FFs:KVB9Gb1wZSGW7n7oIlqLyU8ztkanX31Zej-cyTPLjrE",
    "expire_date": "2026-04-16T10:26:28.126Z"
  }
},
{
  "model": "sessions.session",
  "pk": "n25380txvtqd9xdsjbtjovqsx8qs9sdb",
  "fields": {
    "session_data": ".eJxVjDsOwjAQBe_iGlnrf0xJzxmsXXuDA8iR4qRC3B0ipYD2zcx7iYTbWtPWeUlTEWehxOl3I8wPbjsod2y3Wea5rctEclfkQbu8zoWfl8P9O6jY67e2SDYE543WOZSxOJMjeVCaQeHgPACDRvaAKlNkQmPQGc5mcNFbGMX7A9J3N4Q:1w5Prm:8XqPZKqeJpsd5h0V_fwEjUJkSsf6H1lDZYz4eIs6aQY",
    "expire_date": "2026-04-08T15:09:54.054Z"
  }
},
{
  "model": "menu.category",
  "pk": 1,
  "fields": {
    "name": "Русская",
    "description": "Борщ, пельмени, бутерброды с икрой, пироги",
    "slug": "1",
    "order": 1
  }
},
{
  "model": "menu.category",
  "pk": 2,
  "fields": {
    "name": "Итальянская",
    "description": "Паста, фокачча, пицца, тирамису",
    "slug": "2",
    "order": 2
  }
},
{
  "model": "menu.category",
  "pk": 3,
  "fields": {
    "name": "Японская",
    "description": "Суши, ассорти, роллы, соусы",
    "slug": "3",
    "order": 3
  }
},
{
  "model": "menu.category",
  "pk": 4,
  "fields": {
    "name": "Европейская",
    "description": "Стейки, харчо, бургеры",
    "slug": "4",
    "order": 4
  }
},
{
  "model": "menu.category",
  "pk": 5,
  "fields": {
    "name": "Кавказская",
    "description": "Шашлык, люля-кебаб, овощи на монгале",
    "slug": "5",
    "order": 5
  }
},
{
  "model": "menu.category",
  "pk": 6,
  "fields": {
    "name": "Напитки",
    "description": "",
    "slug": "6",
    "order": 6
  }
},
{
  "model": "menu.subcategory",
  "pk": 1,
  "fields": {
    "category": 3,
    "name": "Роллы",
    "order": 1
  }
},
{
  "model": "menu.subcategory",
  "pk": 2,
  "fields": {
    "category": 3,
    "name": "Горячие роллы",
    "order": 2
  }
},
{
  "model": "menu.subcategory",
  "pk": 3,
  "fields": {
    "category": 3,
    "name": "Запеченные роллы",
    "order": 3
  }
},
{
  "model": "menu.subcategory",
  "pk": 4,
  "fields": {
    "category": 3,
    "name": "Ассорти",
    "order": 4
  }
},
{
  "model": "menu.subcategory",
  "pk": 5,
  "fields": {
    "category": 3,
    "name": "Соусы",
    "order": 5
  }
},
{
  "model": "menu.subcategory",
  "pk": 6,
  "fields": {
    "category": 3,
    "name": "Горячие и холодные закуски",
    "order": 6
  }
},
{
  "model": "menu.subcategory",
  "pk": 7,
  "fields": {
    "category": 1,
    "name": "Холодные и горячие закуски",
    "order": 7
  }
},
{
  "model": "menu.subcategory",
  "pk": 8,
  "fields": {
    "category": 1,
    "name": "Салаты",
    "order": 8
  }
},
{
  "model": "menu.subcategory",
  "pk": 9,
  "fields": {
    "category": 1,
    "name": "Первые блюда",
    "order": 9
  }
},
{
  "model": "menu.subcategory",
  "pk": 10,
  "fields": {
    "category": 1,
    "name": "Мясные блюда",
    "order": 10
  }
},
{
  "model": "menu.subcategory",
  "pk": 11,
  "fields": {
    "category": 1,
    "name": "Блюда из грибов",
    "order": 11
  }
},
{
  "model": "menu.subcategory",
  "pk": 12,
  "fields": {
    "category": 1,
    "name": "Гарниры",
    "order": 12
  }
},
{
  "model": "menu.subcategory",
  "pk": 13,
  "fields": {
    "category": 1,
    "name": "Блюда из рыбы",
    "order": 13
  }
},
{
  "model": "menu.subcategory",
  "pk": 14,
  "fields": {
    "category": 1,
    "name": "Блюда из курицы, индейки, утки",
    "order": 14
  }
},
{
  "model": "menu.subcategory",
  "pk": 15,
  "fields": {
    "category": 1,
    "name": "Пельмени, вареники",
    "order": 15
  }
},
{
  "model": "menu.subcategory",
  "pk": 16,
  "fields": {
    "category": 1,
    "name": "Банкетные блюда",
    "order": 16
  }
},
{
  "model": "menu.subcategory",
  "pk": 17,
  "fields": {
    "category": 1,
    "name": "Бизнес-ланчи",
    "order": 17
  }
},
{
  "model": "menu.subcategory",
  "pk": 18,
  "fields": {
    "category": 1,
    "name": "Десерты",
    "order": 18
  }
},
{
  "model": "menu.subcategory",
  "pk": 19,
  "fields": {
    "category": 4,
    "name": "Холодные и горячие закуски",
    "order": 19
  }
},
{
  "model": "menu.subcategory",
  "pk": 20,
  "fields": {
    "category": 4,
    "name": "Салаты",
    "order": 20
  }
},
{
  "model": "menu.subcategory",
  "pk": 21,
  "fields": {
    "category": 4,
    "name": "Первые блюда",
    "order": 21
  }
},
{
  "model": "menu.subcategory",
  "pk": 22,
  "fields": {
    "category": 4,
    "name": "Мясные блюда",
    "order": 22
  }
},
{
  "model": "menu.subcategory",
  "pk": 23,
  "fields": {
    "category": 4,
    "name": "Гарниры",
    "order": 23
  }
},
{
  "model": "menu.subcategory",
  "pk": 24,
  "fields": {
    "category": 4,
    "name": "Блюда из рыбы",
    "order": 24
  }
},
{
  "model": "menu.subcategory",
  "pk": 25,
  "fields": {
    "category": 4,
    "name": "Блюда из курицы, индейки, утки",
    "order": 25
  }
},
{
  "model": "menu.subcategory",
  "pk": 26,
  "fields": {
    "category": 4,
    "name": "Банкетные блюда",
    "order": 26
  }
},
{
  "model": "menu.subcategory",
  "pk": 27,
  "fields": {
    "category": 4,
    "name": "Бургеры",
    "order": 27
  }
},
{
  "model": "menu.subcategory",
  "pk": 28,
  "fields": {
    "category": 4,
    "name": "Десерты",
    "order": 28
  }
},
{
  "model": "menu.subcategory",
  "pk": 29,
  "fields": {
    "category": 2,
    "name": "Пицца и фокачча",
    "order": 29
  }
},
{
  "model": "menu.subcategory",
  "pk": 30,
  "fields": {
    "category": 2,
    "name": "Паста",
    "order": 30
  }
},
{
  "model": "menu.subcategory",
  "pk": 31,
  "fields": {
    "category": 2,
    "name": "Десерты",
    "order": 31
  }
},
{
  "model": "menu.subcategory",
  "pk": 32,
  "fields": {
    "category": 6,
    "name": "Соки",
    "order": 32
  }
},
{
  "model": "menu.subcategory",
  "pk": 33,
  "fields": {
    "category": 6,
    "name": "Морсы и компоты",
    "order": 33
  }
},
{
  "model": "menu.subcategory",
  "pk": 34,
  "fields": {
    "category": 6,
    "name": "Вода минеральная и питьевая",
    "order": 34
  }
},
{
  "model": "menu.subcategory",
  "pk": 35,
  "fields": {
    "category": 6,
    "name": "Газированные напитки",
    "order": 35
  }
},
{
  "model": "menu.subcategory",
  "pk": 36,
  "fields": {
    "category": 6,
    "name": "Кофе",
    "order": 36
  }
},
{
  "model": "menu.subcategory",
  "pk": 37,
  "fields": {
    "category": 6,
    "name": "Горячие напитки(без кофеина)",
    "order": 37
  }
},
{
  "model": "menu.subcategory",
  "pk": 38,
  "fields": {
    "category": 6,
    "name": "Чай",
    "order": 38
  }
},
{
  "model": "menu.subcategory",
  "pk": 39,
  "fields": {
    "category": 6,
    "name": "Молочные коктейли",
    "order": 39
  }
},
{
  "model": "menu.subcategory",
  "pk": 40,
  "fields": {
    "category": 6,
    "name": "Смузи",
    "order": 40
  }
},
{
  "model": "menu.dish",
  "pk": 2,
  "fields": {
    "category": 3,
    "subcategory": 1,
    "name": "Мураками",
    "description": "копч.лосось, сливочный сыр, лист салата, огурец, помидор, стружка тунца",
    "price": "300.00",
    "weight": "190",
    "is_available": true,
    "order": 0,
    "image": "dishes/975-view.jpg"
  }
},
{
  "model": "menu.dish",
  "pk": 3,
  "fields": {
    "category": 3,
    "subcategory": 1,
    "name": "Ролл с огурцом",
    "description": "огурец, кунжутное семя",
    "price": "70.00",
    "weight": "110",
    "is_available": true,
    "order": 0,
    "image": "dishes/976-view.jpg"
  }
},
{
  "model": "menu.dish",
  "pk": 4,
  "fields": {
    "category": 3,
    "subcategory": 1,
    "name": "Саке маки",
    "description": "лосось, огурец, майонез",
    "price": "250.00",
    "weight": "180",
    "is_available": true,
    "order": 0,
    "image": "dishes/979-view.jpg"
  }
},
{
  "model": "menu.dish",
  "pk": 5,
  "fields": {
    "category": 3,
    "subcategory": 1,
    "name": "Фута маки",
    "description": "сыр Фета, лист салата, помидор, огурец, авокадо, перец болгарский",
    "price": "150.00",
    "weight": "165",
    "is_available": true,
    "order": 0,
    "image": "dishes/980-view.jpg"
  }
},
{
  "model": "menu.dish",
  "pk": 6,
  "fields": {
    "category": 3,
    "subcategory": 1,
    "name": "Ролл манго",
    "description": "лосось, манго, сыр Филадельфия, кунжут",
    "price": "270.00",
    "weight": "180",
    "is_available": true,
    "order": 0,
    "image": "dishes/983-view.jpg"
  }
},
{
  "model": "menu.dish",
  "pk": 7,
  "fields": {
    "category": 3,
    "subcategory": 1,
    "name": "Сливочный ролл с копченым лососем",
    "description": "копч.лосось, слив.сыр, огурец",
    "price": "330.00",
    "weight": "232",
    "is_available": true,
    "order": 0,
    "image": "dishes/984-view.jpg"
  }
},
{
  "model": "menu.dish",
  "pk": 8,
  "fields": {
    "category": 3,
    "subcategory": 1,
    "name": "Унаги маки",
    "description": "угорь, огурец, кунжут, сыр сливочный, унаги соус",
    "price": "280.00",
    "weight": "220",
    "is_available": true,
    "order": 0,
    "image": "dishes/986-view.jpg"
  }
},
{
  "model": "menu.dish",
  "pk": 9,
  "fields": {
    "category": 3,
    "subcategory": 1,
    "name": "Калифорния с лососем",
    "description": "лосось, сыр Фетаки, огурец, икра Тобико",
    "price": "300.00",
    "weight": "200",
    "is_available": true,
    "order": 0,
    "image": "dishes/987-view.jpg"
  }
},
{
  "model": "menu.dish",
  "pk": 10,
  "fields": {
    "category": 3,
    "subcategory": 1,
    "name": "Калифорния с креветкой ",
    "description": "креветка, огурец, авокадо, майонез, икра Тобико",
    "price": "320.00",
    "weight": "210",
    "is_available": true,
    "order": 0,
    "image": "dishes/988-view.jpg"
  }
},
{
  "model": "menu.dish",
  "pk": 11,
  "fields": {
    "category": 3,
    "subcategory": 1,
    "name": "Калифорния с крабом",
    "description": "крабовое мясо, огурец, авокадо, майонез, икра Тобико",
    "price": "250.00",
    "weight": "210",
    "is_available": true,
    "order": 0,
    "image": "dishes/989-view.jpg"
  }
},
{
  "model": "menu.dish",
  "pk": 12,
  "fields": {
    "category": 3,
    "subcategory": 1,
    "name": "Сливочный угорь",
    "description": "копч.угорь, авокадо, сыр сливочный, кунжутное семя, салатный лист, соус унаги, огурец",
    "price": "480.00",
    "weight": "246",
    "is_available": true,
    "order": 0,
    "image": "dishes/990-view.jpg"
  }
},
{
  "model": "menu.dish",
  "pk": 13,
  "fields": {
    "category": 3,
    "subcategory": 1,
    "name": "Филадельфия маки",
    "description": "лосось, копч.угорь, огурец, сыр Филадельфия",
    "price": "480.00",
    "weight": "230",
    "is_available": true,
    "order": 0,
    "image": "dishes/991-view.jpg"
  }
},
{
  "model": "menu.dish",
  "pk": 14,
  "fields": {
    "category": 3,
    "subcategory": 1,
    "name": "Дракон",
    "description": "копч.угорь, майонез, икра Тобико, огурец, авокадо",
    "price": "650.00",
    "weight": "250",
    "is_available": true,
    "order": 0,
    "image": "dishes/993-view.jpg"
  }
},
{
  "model": "menu.dish",
  "pk": 15,
  "fields": {
    "category": 3,
    "subcategory": 1,
    "name": "Ролл с жаренным тунцом",
    "description": "тунец, соус Спайси, огурец, зеленый лук, стружка тунца",
    "price": "270.00",
    "weight": "185",
    "is_available": true,
    "order": 0,
    "image": "dishes/994-view.jpg"
  }
},
{
  "model": "menu.dish",
  "pk": 16,
  "fields": {
    "category": 3,
    "subcategory": 1,
    "name": "Аляска",
    "description": "лосось, окунь, тунец, икра красная, лук зеленый",
    "price": "400.00",
    "weight": "190",
    "is_available": true,
    "order": 0,
    "image": "dishes/1003-view.jpg"
  }
},
{
  "model": "menu.dish",
  "pk": 17,
  "fields": {
    "category": 3,
    "subcategory": 1,
    "name": "Меркурий маки",
    "description": "креветка, огурец, икра Тобико, соус Спайси",
    "price": "300.00",
    "weight": "270",
    "is_available": true,
    "order": 0,
    "image": "dishes/1007-view.jpg"
  }
},
{
  "model": "menu.dish",
  "pk": 18,
  "fields": {
    "category": 3,
    "subcategory": 1,
    "name": "Тикусэй",
    "description": "лосось, окунь, авокадо, помидор, огурец, ореховый соус, икра Тобико",
    "price": "320.00",
    "weight": "240",
    "is_available": true,
    "order": 0,
    "image": "dishes/1010-view.jpg"
  }
},
{
  "model": "menu.dish",
  "pk": 19,
  "fields": {
    "category": 3,
    "subcategory": 2,
    "name": "Самурай",
    "description": "угорь, копч.лосось, сливочный сыр, огурец, икра Тобико, Унаги соус, кунжут. Готовится во фритюре",
    "price": "420.00",
    "weight": "250",
    "is_available": true,
    "order": 0,
    "image": "dishes/1008-view.jpg"
  }
},
{
  "model": "menu.dish",
  "pk": 20,
  "fields": {
    "category": 3,
    "subcategory": 2,
    "name": "Цуяма",
    "description": "лосось, креветка, сыр сливочный, окунь, авокадо. Готовится во фритюре",
    "price": "330.00",
    "weight": "250",
    "is_available": true,
    "order": 0,
    "image": "dishes/1009-view.jpg"
  }
},
{
  "model": "menu.dish",
  "pk": 21,
  "fields": {
    "category": 3,
    "subcategory": 2,
    "name": "Ямато",
    "description": "лосось, морской гребешок, огурец, соус Спайси, икра Тобико. Готовится во фритюре",
    "price": "360.00",
    "weight": "230",
    "is_available": true,
    "order": 0,
    "image": "dishes/1011-view.jpg"
  }
},
{
  "model": "menu.dish",
  "pk": 22,
  "fields": {
    "category": 3,
    "subcategory": 2,
    "name": "Темпура маки",
    "description": "креветка, огурец, имбирь, кунжут, ореховый соус. Готовится во фритюре",
    "price": "360.00",
    "weight": "200",
    "is_available": true,
    "order": 0,
    "image": "dishes/1012-view.jpg"
  }
},
{
  "model": "menu.dish",
  "pk": 23,
  "fields": {
    "category": 3,
    "subcategory": 2,
    "name": "Темпура лосось",
    "description": "лосось, огурец, сыр Моцарелла. Готовится во фритюре",
    "price": "520.00",
    "weight": "250",
    "is_available": true,
    "order": 0,
    "image": "dishes/1013-view.jpg"
  }
},
{
  "model": "menu.dish",
  "pk": 24,
  "fields": {
    "category": 3,
    "subcategory": 2,
    "name": "Невада маки",
    "description": "лосось, тунец, морской гребешок, огурец. Готовится во фритюре",
    "price": "350.00",
    "weight": "240",
    "is_available": true,
    "order": 0,
    "image": "dishes/1014-view.jpg"
  }
},
{
  "model": "menu.dish",
  "pk": 25,
  "fields": {
    "category": 3,
    "subcategory": 3,
    "name": "Сакура",
    "description": "копч.лосось, омлет, огурец, сыр Моцарелла, икра Тобико, майонез Хелманс, зел.лук",
    "price": "320.00",
    "weight": "205",
    "is_available": true,
    "order": 0,
    "image": "dishes/1016-view.jpg"
  }
},
{
  "model": "menu.dish",
  "pk": 26,
  "fields": {
    "category": 3,
    "subcategory": 3,
    "name": "Фукуи",
    "description": "угорь, омлет, соус Спайси, огурец, зеленый лук, майонез. Запекается под саламандром",
    "price": "220.00",
    "weight": "200",
    "is_available": true,
    "order": 0,
    "image": "dishes/1017-view.jpg"
  }
},
{
  "model": "menu.dish",
  "pk": 27,
  "fields": {
    "category": 3,
    "subcategory": 3,
    "name": "Сиояки",
    "description": "угорь, морской гребешок, огурец, сыр Филадельфия, майонез, икра Тобико, лук зеленый. Запекается под саламандром",
    "price": "410.00",
    "weight": "260",
    "is_available": true,
    "order": 0,
    "image": ""
  }
},
{
  "model": "menu.dish",
  "pk": 28,
  "fields": {
    "category": 3,
    "subcategory": 3,
    "name": "Окаяма",
    "description": "лосось, огурец, авокадо, майонез, икра Тобико, Унаги соус, кунжут, сыр Филадельфия, лист салата. Запекается под саламандром",
    "price": "460.00",
    "weight": "275",
    "is_available": true,
    "order": 0,
    "image": "dishes/1020-view.jpg"
  }
},
{
  "model": "menu.dish",
  "pk": 29,
  "fields": {
    "category": 3,
    "subcategory": 3,
    "name": "Заокеанский",
    "description": "креветка, лосось, сыр Филадельфия, авокадо, мидии, соус Спайси, икра Тобико, лук зеленый. Запекается под саламандром",
    "price": "330.00",
    "weight": "205",
    "is_available": true,
    "order": 0,
    "image": "dishes/1022-view.jpg"
  }
},
{
  "model": "menu.dish",
  "pk": 30,
  "fields": {
    "category": 3,
    "subcategory": 3,
    "name": "Архыз",
    "description": "лосось, угорь, майонез, икра Тобико, Унаги соус, кунжут, огурец, сыр Филадельфия. Запекается под саламандром",
    "price": "550.00",
    "weight": "250",
    "is_available": true,
    "order": 0,
    "image": "dishes/1023-view.jpg"
  }
},
{
  "model": "menu.dish",
  "pk": 31,
  "fields": {
    "category": 3,
    "subcategory": 3,
    "name": "Флорида",
    "description": "снежный краб, лосось, икра Тобико, майонез, сыр Пармезан, сыр Филадельфия, огурец, кунжут. Запекается под саламандром",
    "price": "320.00",
    "weight": "260",
    "is_available": true,
    "order": 0,
    "image": "dishes/25446-view.jpg"
  }
},
{
  "model": "menu.dish",
  "pk": 32,
  "fields": {
    "category": 3,
    "subcategory": 3,
    "name": "Токио",
    "description": "лосось, креветка, икра Тобико, майонез, сыр Филадельфия, огурец, соус Спайси. Запекается под саламандром",
    "price": "360.00",
    "weight": "250",
    "is_available": true,
    "order": 0,
    "image": "dishes/25447-view.jpg"
  }
},
{
  "model": "menu.dish",
  "pk": 33,
  "fields": {
    "category": 3,
    "subcategory": 3,
    "name": "Камчатка",
    "description": "снежный краб, майонез, соус Спайси. Запекается под саламандром",
    "price": "200.00",
    "weight": "220",
    "is_available": true,
    "order": 0,
    "image": "dishes/25448-view.jpg"
  }
},
{
  "model": "menu.dish",
  "pk": 34,
  "fields": {
    "category": 3,
    "subcategory": 4,
    "name": "Ассорти №1",
    "description": "суши: красная икра, копч.лосось, угорь. роллы: 1/2 калифорния с креветкой, 1/2 Филадельфия маки",
    "price": "800.00",
    "weight": "480",
    "is_available": true,
    "order": 0,
    "image": "dishes/1048-view.jpg"
  }
},
{
  "model": "menu.dish",
  "pk": 35,
  "fields": {
    "category": 3,
    "subcategory": 4,
    "name": "Ассорти №2",
    "description": "роллы: 1/2 калифорния с лососем, 1/2 калифорния с креветкой , фута маки, окаяма, манго",
    "price": "1150.00",
    "weight": "840",
    "is_available": true,
    "order": 0,
    "image": "dishes/1049-view.jpg"
  }
},
{
  "model": "menu.dish",
  "pk": 36,
  "fields": {
    "category": 3,
    "subcategory": 4,
    "name": "Ассорти №3",
    "description": "Калифорния с угрем, острый ролл с жаренным тунцом, сливочный угорь, ролл с огурцом",
    "price": "1250.00",
    "weight": "770",
    "is_available": true,
    "order": 0,
    "image": "dishes/1050-view.jpg"
  }
},
{
  "model": "menu.dish",
  "pk": 37,
  "fields": {
    "category": 3,
    "subcategory": 4,
    "name": "Ассорти №4",
    "description": "Темпура маки, Аляска, Мураками, Окаяма",
    "price": "1400.00",
    "weight": "900",
    "is_available": true,
    "order": 0,
    "image": "dishes/10502-view.jpg"
  }
},
{
  "model": "menu.dish",
  "pk": 38,
  "fields": {
    "category": 3,
    "subcategory": 4,
    "name": "Ассорти №5",
    "description": "Роллы запеченные: Цезарь, Флорида, Токио, Камчатка",
    "price": "1200.00",
    "weight": "900",
    "is_available": true,
    "order": 0,
    "image": "dishes/25445-view.jpg"
  }
},
{
  "model": "menu.dish",
  "pk": 39,
  "fields": {
    "category": 3,
    "subcategory": 5,
    "name": "Васаби",
    "description": "",
    "price": "30.00",
    "weight": "15",
    "is_available": true,
    "order": 0,
    "image": ""
  }
},
{
  "model": "menu.dish",
  "pk": 40,
  "fields": {
    "category": 3,
    "subcategory": 5,
    "name": "Маринованный имбирь",
    "description": "",
    "price": "30.00",
    "weight": "30",
    "is_available": true,
    "order": 0,
    "image": ""
  }
},
{
  "model": "menu.dish",
  "pk": 41,
  "fields": {
    "category": 3,
    "subcategory": 5,
    "name": "Соус Спайси",
    "description": "майонез Хелманс, соус Кимчи Бейз, соевый соус, чеснок, перец красный",
    "price": "30.00",
    "weight": "30",
    "is_available": true,
    "order": 0,
    "image": ""
  }
},
{
  "model": "menu.dish",
  "pk": 42,
  "fields": {
    "category": 3,
    "subcategory": 5,
    "name": "Ореховый соус",
    "description": "майонез Хелманс, соевый соус, вино белое, кешью, грецкий орех, кунжут",
    "price": "40.00",
    "weight": "30",
    "is_available": true,
    "order": 0,
    "image": ""
  }
},
{
  "model": "menu.dish",
  "pk": 43,
  "fields": {
    "category": 3,
    "subcategory": 5,
    "name": "Соус  \"Неаполь\"",
    "description": "томаты, перец болгарский, лук репчатый, прованские травы, соль, перец, чеснок",
    "price": "40.00",
    "weight": "50",
    "is_available": true,
    "order": 0,
    "image": ""
  }
},
{
  "model": "menu.dish",
  "pk": 44,
  "fields": {
    "category": 3,
    "subcategory": 5,
    "name": "Сырный соус",
    "description": "сыр Дор Блю, сыр Мимолет, сливки, вино белое, специи",
    "price": "100.00",
    "weight": "100",
    "is_available": true,
    "order": 0,
    "image": ""
  }
},
{
  "model": "menu.dish",
  "pk": 45,
  "fields": {
    "category": 3,
    "subcategory": 5,
    "name": "Сливочный соус",
    "description": "сливки, вино белое, сыр Дор Блю, специи",
    "price": "120.00",
    "weight": "100",
    "is_available": true,
    "order": 0,
    "image": ""
  }
},
{
  "model": "menu.dish",
  "pk": 46,
  "fields": {
    "category": 3,
    "subcategory": 5,
    "name": "Чесночный соус",
    "description": "майонез Хелманс, сметана, специи, чеснок",
    "price": "50.00",
    "weight": "50",
    "is_available": true,
    "order": 0,
    "image": ""
  }
},
{
  "model": "menu.dish",
  "pk": 47,
  "fields": {
    "category": 2,
    "subcategory": 29,
    "name": "Пицца Маргарита",
    "description": "соус, сыр моцарелла",
    "price": "350.00",
    "weight": "480",
    "is_available": true,
    "order": 0,
    "image": "dishes/1071-view.jpg"
  }
},
{
  "model": "menu.dish",
  "pk": 48,
  "fields": {
    "category": 2,
    "subcategory": 29,
    "name": "Четыре сыра",
    "description": "моцарелла, сливочный сыр, мимолет, дор блю",
    "price": "560.00",
    "weight": "680",
    "is_available": true,
    "order": 0,
    "image": "dishes/1072-view.jpg"
  }
},
{
  "model": "menu.dish",
  "pk": 49,
  "fields": {
    "category": 2,
    "subcategory": 29,
    "name": "Мясная",
    "description": "бекон, говядина, свинина, курица, сыр, соус",
    "price": "580.00",
    "weight": "680",
    "is_available": true,
    "order": 0,
    "image": "dishes/1073-view.jpg"
  }
},
{
  "model": "menu.dish",
  "pk": 50,
  "fields": {
    "category": 2,
    "subcategory": 29,
    "name": "Ветчина с грибами",
    "description": "ветчина, грибы, сыр, соус",
    "price": "470.00",
    "weight": "600",
    "is_available": true,
    "order": 0,
    "image": "dishes/1074-view.jpg"
  }
},
{
  "model": "menu.dish",
  "pk": 51,
  "fields": {
    "category": 2,
    "subcategory": 29,
    "name": "Салями",
    "description": "салями, сыр, маслины, томаты, грибы, соус",
    "price": "550.00",
    "weight": "550",
    "is_available": true,
    "order": 0,
    "image": "dishes/1075-view.jpg"
  }
},
{
  "model": "menu.dish",
  "pk": 52,
  "fields": {
    "category": 2,
    "subcategory": 29,
    "name": "Морская",
    "description": "морской коктейль, креветки, сыр, соус",
    "price": "500.00",
    "weight": "650",
    "is_available": true,
    "order": 0,
    "image": "dishes/5288-view.jpg"
  }
},
{
  "model": "menu.dish",
  "pk": 53,
  "fields": {
    "category": 2,
    "subcategory": 29,
    "name": "Пицца с лососем",
    "description": "лосось, креветки, каперсы, сыр, соус",
    "price": "920.00",
    "weight": "670",
    "is_available": true,
    "order": 0,
    "image": "dishes/1077-view.jpg"
  }
},
{
  "model": "menu.dish",
  "pk": 54,
  "fields": {
    "category": 2,
    "subcategory": 29,
    "name": "Меркурий",
    "description": "копч.курица, бекон, грибы, томаты, сыр, соус",
    "price": "550.00",
    "weight": "680",
    "is_available": true,
    "order": 0,
    "image": "dishes/1078-view.jpg"
  }
},
{
  "model": "menu.dish",
  "pk": 55,
  "fields": {
    "category": 2,
    "subcategory": 29,
    "name": "Овощная",
    "description": "шампиньоны, грибы белые, томаты, цукини, каперсы, маслины",
    "price": "550.00",
    "weight": "700",
    "is_available": true,
    "order": 0,
    "image": "dishes/1079-view.jpg"
  }
},
{
  "model": "menu.dish",
  "pk": 56,
  "fields": {
    "category": 2,
    "subcategory": 29,
    "name": "Венеция",
    "description": "салями, ветчина, грибы, мидии, маслины, сыр, соус",
    "price": "560.00",
    "weight": "680",
    "is_available": true,
    "order": 0,
    "image": "dishes/1080-view.jpg"
  }
},
{
  "model": "menu.dish",
  "pk": 57,
  "fields": {
    "category": 2,
    "subcategory": 29,
    "name": "Детская",
    "description": "ветчина, салями, маслины, сыр, соус",
    "price": "560.00",
    "weight": "660",
    "is_available": true,
    "order": 0,
    "image": "dishes/1081-view.jpg"
  }
},
{
  "model": "menu.dish",
  "pk": 58,
  "fields": {
    "category": 2,
    "subcategory": 29,
    "name": "Фокачча с чесноком",
    "description": "итальянская хлебная лепешка с чесноком",
    "price": "150.00",
    "weight": "300",
    "is_available": true,
    "order": 0,
    "image": "dishes/1069-view.jpg"
  }
},
{
  "model": "menu.dish",
  "pk": 59,
  "fields": {
    "category": 2,
    "subcategory": 29,
    "name": "Фокачча с пармезаном",
    "description": "итальянская хлебная лепешка с пармезаном",
    "price": "200.00",
    "weight": "300",
    "is_available": true,
    "order": 0,
    "image": "dishes/1070-view.jpg"
  }
},
{
  "model": "menu.dish",
  "pk": 60,
  "fields": {
    "category": 2,
    "subcategory": 30,
    "name": "Спагетти Карбонара",
    "description": "бекон, сливочный соус, яйцо, лук-порей, сыр Пармезан, черии",
    "price": "380.00",
    "weight": "265",
    "is_available": true,
    "order": 0,
    "image": "dishes/1082-view.jpg"
  }
},
{
  "model": "menu.dish",
  "pk": 61,
  "fields": {
    "category": 2,
    "subcategory": 30,
    "name": "Спагетти с морепродуктами",
    "description": "королевские креветки, мидии, лосось, сливочный соус, сыр Пармезан, черри",
    "price": "600.00",
    "weight": "265",
    "is_available": true,
    "order": 0,
    "image": "dishes/1083-view.jpg"
  }
},
{
  "model": "menu.dish",
  "pk": 62,
  "fields": {
    "category": 2,
    "subcategory": 30,
    "name": "Спагетти с овощами",
    "description": "цукини, фасоль стручковая, перец болгарский, лук-порей, грибы белые, шампиньоны, соус \"═хряюы№\", укроп",
    "price": "350.00",
    "weight": "300",
    "is_available": true,
    "order": 0,
    "image": "dishes/1084-view.jpg"
  }
},
{
  "model": "menu.dish",
  "pk": 63,
  "fields": {
    "category": 2,
    "subcategory": 30,
    "name": "Фетучини с грибами",
    "description": "грибы белые, шампиньоны, лук-порей, сливочный соус, сыр Филадельфия, сыр Пармезан, черри",
    "price": "400.00",
    "weight": "275",
    "is_available": true,
    "order": 0,
    "image": "dishes/1086-view.jpg"
  }
},
{
  "model": "menu.dish",
  "pk": 64,
  "fields": {
    "category": 2,
    "subcategory": 30,
    "name": "Фетучини с креветками",
    "description": "королевские креветки, сливочный соус, вино белое, лук-порей, сыр Пармезан, черри",
    "price": "650.00",
    "weight": "325",
    "is_available": true,
    "order": 0,
    "image": "dishes/1087-view.jpg"
  }
},
{
  "model": "menu.dish",
  "pk": 65,
  "fields": {
    "category": 2,
    "subcategory": 30,
    "name": "Фетучини с лососем",
    "description": "лосось, сливочный соус, вино белое, лук-порей, сыр Пармезан, черри",
    "price": "600.00",
    "weight": "275",
    "is_available": true,
    "order": 0,
    "image": "dishes/1088-view.jpg"
  }
},
{
  "model": "menu.dish",
  "pk": 66,
  "fields": {
    "category": 2,
    "subcategory": 30,
    "name": "Фетучини с курицей",
    "description": "филе курицы, сливочный соус, лук-порей, фасоль стручковая, сыр Пармезан, черри",
    "price": "400.00",
    "weight": "305",
    "is_available": true,
    "order": 0,
    "image": "dishes/1089-view.jpg"
  }
},
{
  "model": "menu.dish",
  "pk": 67,
  "fields": {
    "category": 3,
    "subcategory": 6,
    "name": "Мидии с сливочном соусе",
    "description": "мидии  \"Киви\", сливки, белое вино, сыр, Дор Блю, лук-порей, лимон, лист салата, черри",
    "price": "680.00",
    "weight": "300",
    "is_available": true,
    "order": 0,
    "image": "dishes/1091-view.jpg"
  }
},
{
  "model": "menu.dish",
  "pk": 68,
  "fields": {
    "category": 3,
    "subcategory": 6,
    "name": "Мидии запеченные с сыром",
    "description": "мидии  \"Киви\", сыр Моцарелла, икра Тобика, майонез Хелманс, чеснок",
    "price": "650.00",
    "weight": "300",
    "is_available": true,
    "order": 0,
    "image": "dishes/1093-view.jpg"
  }
},
{
  "model": "menu.dish",
  "pk": 69,
  "fields": {
    "category": 3,
    "subcategory": 6,
    "name": "Мидии запеченные",
    "description": "мидии  \"Киви\", рис, нори, лук зеленый, майонез, тобика, Унаги соус, кунжут, лимон",
    "price": "650.00",
    "weight": "280",
    "is_available": true,
    "order": 0,
    "image": "dishes/1094-view.jpg"
  }
},
{
  "model": "menu.dish",
  "pk": 70,
  "fields": {
    "category": 3,
    "subcategory": 6,
    "name": "Мидии острые",
    "description": "мидии  \"Киви\", спайси соус, Унаги соус, кунжут, лимон, лист салата, черри",
    "price": "620.00",
    "weight": "300",
    "is_available": true,
    "order": 0,
    "image": "dishes/1096-view.jpg"
  }
},
{
  "model": "menu.dish",
  "pk": 71,
  "fields": {
    "category": 3,
    "subcategory": 6,
    "name": "Ассорти из мидий",
    "description": "мидии запеченные с сыром, мидии острые, мидии в сливочном соусе",
    "price": "970.00",
    "weight": "350",
    "is_available": true,
    "order": 0,
    "image": "dishes/14530-view.jpg"
  }
},
{
  "model": "menu.dish",
  "pk": 72,
  "fields": {
    "category": 3,
    "subcategory": 6,
    "name": "Кольца кальмара",
    "description": "кольца кальмара в кляре, соус ореховый",
    "price": "260.00",
    "weight": "230",
    "is_available": true,
    "order": 0,
    "image": "dishes/1097-view.jpg"
  }
},
{
  "model": "menu.dish",
  "pk": 73,
  "fields": {
    "category": 3,
    "subcategory": 6,
    "name": "Якитори с креветками",
    "description": "тигровые креветки, маслины, соус",
    "price": "470.00",
    "weight": "160",
    "is_available": true,
    "order": 0,
    "image": "dishes/1099-view.jpg"
  }
},
{
  "model": "menu.dish",
  "pk": 74,
  "fields": {
    "category": 3,
    "subcategory": 6,
    "name": "Гарнир Темпура овощная",
    "description": "капуста, брокколи, кабачки, перец болгарский, помидор",
    "price": "160.00",
    "weight": "170",
    "is_available": true,
    "order": 0,
    "image": "dishes/25449-view.jpg"
  }
},
{
  "model": "menu.dish",
  "pk": 75,
  "fields": {
    "category": 1,
    "subcategory": 7,
    "name": "Овощное ассорти",
    "description": "помидоры, огурцы свежие, перец болгарский, маслины-оливки, зелень",
    "price": "650.00",
    "weight": "1/710",
    "is_available": true,
    "order": 0,
    "image": "dishes/810-view.jpg"
  }
},
{
  "model": "menu.dish",
  "pk": 76,
  "fields": {
    "category": 1,
    "subcategory": 7,
    "name": "\"Бабушкин погребок\"",
    "description": "огурцы, помид малосол., капуста, маслин-олив, маринованная слива, зелень",
    "price": "600.00",
    "weight": "1/400",
    "is_available": true,
    "order": 0,
    "image": "dishes/811-view.jpg"
  }
},
{
  "model": "menu.dish",
  "pk": 77,
  "fields": {
    "category": 1,
    "subcategory": 7,
    "name": "Сельдь Атлантическая",
    "description": "сельдь, лук, масло, лимон, зелень",
    "price": "450.00",
    "weight": "1/600",
    "is_available": true,
    "order": 0,
    "image": "dishes/816-view.jpg"
  }
},
{
  "model": "menu.dish",
  "pk": 78,
  "fields": {
    "category": 1,
    "subcategory": 7,
    "name": "Бутерброд с красной икрой",
    "description": "батон, масло, красная икра",
    "price": "230.00",
    "weight": "1/55",
    "is_available": true,
    "order": 0,
    "image": "dishes/817-view.jpg"
  }
},
{
  "model": "menu.dish",
  "pk": 79,
  "fields": {
    "category": 1,
    "subcategory": 7,
    "name": "Баклажаны по-гречески",
    "description": "баклажан, болгарский перец, зелень, чеснок, уксус",
    "price": "250.00",
    "weight": "1/160",
    "is_available": true,
    "order": 0,
    "image": "dishes/819-view.jpg"
  }
},
{
  "model": "menu.dish",
  "pk": 80,
  "fields": {
    "category": 1,
    "subcategory": 7,
    "name": "Рулетики из баклажан",
    "description": "баклажаны, чеснок, майонез, масло, помидор, зелень",
    "price": "270.00",
    "weight": "1/150",
    "is_available": true,
    "order": 0,
    "image": "dishes/820-view.jpg"
  }
},
{
  "model": "menu.dish",
  "pk": 81,
  "fields": {
    "category": 1,
    "subcategory": 7,
    "name": "Закуска \"Застольная\"",
    "description": "колбаса Украинская-домашняя, грудинка соленая, рулька запеченая, зелень",
    "price": "450.00",
    "weight": "1/300",
    "is_available": true,
    "order": 0,
    "image": "dishes/821-view.jpg"
  }
},
{
  "model": "menu.dish",
  "pk": 82,
  "fields": {
    "category": 1,
    "subcategory": 7,
    "name": "Язык говяжий отварной с горчицей и хреном",
    "description": "",
    "price": "340.00",
    "weight": "1/100",
    "is_available": true,
    "order": 0,
    "image": "dishes/822-view.jpg"
  }
},
{
  "model": "menu.dish",
  "pk": 83,
  "fields": {
    "category": 1,
    "subcategory": 8,
    "name": "Салат из свежей капусты",
    "description": "капуста, огурцы, зелёный горошек, масло, зелень",
    "price": "140.00",
    "weight": "1/100",
    "is_available": true,
    "order": 0,
    "image": "dishes/838-view.jpg"
  }
},
{
  "model": "menu.dish",
  "pk": 84,
  "fields": {
    "category": 1,
    "subcategory": 8,
    "name": "Салат из маринованных грибочков",
    "description": "грибы маринованные, лук, масло, зелень",
    "price": "180.00",
    "weight": "1/140",
    "is_available": true,
    "order": 0,
    "image": "dishes/841-view.jpg"
  }
},
{
  "model": "menu.dish",
  "pk": 85,
  "fields": {
    "category": 1,
    "subcategory": 8,
    "name": "Салат «Оригинальный»",
    "description": "свекла, майонез, чеснок, чернослив, орехи грецкие",
    "price": "140.00",
    "weight": "1/160",
    "is_available": true,
    "order": 0,
    "image": "dishes/842-view.jpg"
  }
},
{
  "model": "menu.dish",
  "pk": 86,
  "fields": {
    "category": 1,
    "subcategory": 8,
    "name": "Салат «Оливье»",
    "description": "колбаса, огурец св., огурец марин., яйцо, картофель, горох, морковь отварная, майонез, зелень",
    "price": "250.00",
    "weight": "1/240",
    "is_available": true,
    "order": 0,
    "image": "dishes/850-view.jpg"
  }
},
{
  "model": "menu.dish",
  "pk": 87,
  "fields": {
    "category": 1,
    "subcategory": 8,
    "name": "Салат «Лесной»",
    "description": "курица отварная, лист салата, огур. солен, грибы",
    "price": "200.00",
    "weight": "1/200",
    "is_available": true,
    "order": 0,
    "image": "dishes/859-view.jpg"
  }
},
{
  "model": "menu.dish",
  "pk": 88,
  "fields": {
    "category": 1,
    "subcategory": 8,
    "name": "Салат «Сельдь под шубой»",
    "description": "сельдь, лук, картофель, свекла, майонез, яйцо",
    "price": "220.00",
    "weight": "1/270",
    "is_available": true,
    "order": 0,
    "image": "dishes/860-view.jpg"
  }
},
{
  "model": "menu.dish",
  "pk": 89,
  "fields": {
    "category": 1,
    "subcategory": 9,
    "name": "Уха из сазана",
    "description": "",
    "price": "220.00",
    "weight": "100/500",
    "is_available": true,
    "order": 0,
    "image": ""
  }
},
{
  "model": "menu.dish",
  "pk": 90,
  "fields": {
    "category": 1,
    "subcategory": 9,
    "name": "Борщ зелёный",
    "description": "",
    "price": "240.00",
    "weight": "50/500",
    "is_available": true,
    "order": 0,
    "image": ""
  }
},
{
  "model": "menu.dish",
  "pk": 91,
  "fields": {
    "category": 1,
    "subcategory": 9,
    "name": "Борщ домашний",
    "description": "",
    "price": "270.00",
    "weight": "40/500",
    "is_available": true,
    "order": 0,
    "image": ""
  }
},
{
  "model": "menu.dish",
  "pk": 92,
  "fields": {
    "category": 1,
    "subcategory": 9,
    "name": "Суп грибной",
    "description": "",
    "price": "270.00",
    "weight": "1/500",
    "is_available": true,
    "order": 0,
    "image": ""
  }
},
{
  "model": "menu.dish",
  "pk": 93,
  "fields": {
    "category": 1,
    "subcategory": 9,
    "name": "Суп фасолевый",
    "description": "",
    "price": "240.00",
    "weight": "40/500",
    "is_available": true,
    "order": 0,
    "image": ""
  }
},
{
  "model": "menu.dish",
  "pk": 94,
  "fields": {
    "category": 1,
    "subcategory": 9,
    "name": "Суп с фрикадельками",
    "description": "",
    "price": "220.00",
    "weight": "90/500",
    "is_available": true,
    "order": 0,
    "image": ""
  }
},
{
  "model": "menu.dish",
  "pk": 95,
  "fields": {
    "category": 1,
    "subcategory": 9,
    "name": "Лапша домашняя куриная",
    "description": "",
    "price": "220.00",
    "weight": "75/500",
    "is_available": true,
    "order": 0,
    "image": ""
  }
},
{
  "model": "menu.dish",
  "pk": 96,
  "fields": {
    "category": 1,
    "subcategory": 9,
    "name": "Лапша домашняя грибная",
    "description": "",
    "price": "220.00",
    "weight": "50/500",
    "is_available": true,
    "order": 0,
    "image": ""
  }
},
{
  "model": "menu.dish",
  "pk": 97,
  "fields": {
    "category": 1,
    "subcategory": 9,
    "name": "Солянка мясная сборная",
    "description": "",
    "price": "240.00",
    "weight": "1/500",
    "is_available": true,
    "order": 0,
    "image": "dishes/874-view.jpg"
  }
},
{
  "model": "menu.dish",
  "pk": 98,
  "fields": {
    "category": 1,
    "subcategory": 9,
    "name": "Суп гороховый с копчеными ребрами",
    "description": "",
    "price": "240.00",
    "weight": "1/500",
    "is_available": true,
    "order": 0,
    "image": ""
  }
},
{
  "model": "menu.dish",
  "pk": 99,
  "fields": {
    "category": 1,
    "subcategory": 10,
    "name": "Жаркое из баранины с картофелем",
    "description": "баранина, лук, картофель, зелень, перец душистый",
    "price": "330.00",
    "weight": "1/420",
    "is_available": true,
    "order": 0,
    "image": "dishes/883-view.jpg"
  }
},
{
  "model": "menu.dish",
  "pk": 100,
  "fields": {
    "category": 1,
    "subcategory": 10,
    "name": "Жаркое из свинины с картофелем",
    "description": "свинина, лук, картофель, зелень, перец душистый",
    "price": "320.00",
    "weight": "1/320",
    "is_available": true,
    "order": 0,
    "image": "dishes/885-view.jpg"
  }
},
{
  "model": "menu.dish",
  "pk": 101,
  "fields": {
    "category": 1,
    "subcategory": 10,
    "name": "Котлета домашняя",
    "description": "свинина, лук, чеснок, яйцо",
    "price": "170.00",
    "weight": "1/80",
    "is_available": true,
    "order": 0,
    "image": "dishes/886-view.jpg"
  }
},
{
  "model": "menu.dish",
  "pk": 102,
  "fields": {
    "category": 1,
    "subcategory": 10,
    "name": "Отбивная «Балатон»",
    "description": "свинина, грибы, майонез, сыр, помидоры",
    "price": "300.00",
    "weight": "1/350",
    "is_available": true,
    "order": 0,
    "image": "dishes/889-view.jpg"
  }
},
{
  "model": "menu.dish",
  "pk": 103,
  "fields": {
    "category": 1,
    "subcategory": 10,
    "name": "Эскалоп «Донской»",
    "description": "свинина, яйцо, мука, перец душистый, сыр",
    "price": "280.00",
    "weight": "1/100",
    "is_available": true,
    "order": 0,
    "image": "dishes/891-view.jpg"
  }
},
{
  "model": "menu.dish",
  "pk": 104,
  "fields": {
    "category": 1,
    "subcategory": 10,
    "name": "Мясо по-Французски",
    "description": "свинина, лук, сыр, майонез, яйцо, перец душистый",
    "price": "260.00",
    "weight": "1/170",
    "is_available": true,
    "order": 0,
    "image": "dishes/894-view.jpg"
  }
},
{
  "model": "menu.dish",
  "pk": 105,
  "fields": {
    "category": 1,
    "subcategory": 10,
    "name": "Бефстроганов",
    "description": "говядина, лук, сметана, майонез, соль, перец",
    "price": "620.00",
    "weight": "1/130",
    "is_available": true,
    "order": 0,
    "image": "dishes/903-view.jpg"
  }
},
{
  "model": "menu.dish",
  "pk": 106,
  "fields": {
    "category": 1,
    "subcategory": 10,
    "name": "Печень говяжья деликатесная",
    "description": "печень говяжья, лук, яйцо, зелень",
    "price": "260.00",
    "weight": "40/200",
    "is_available": true,
    "order": 0,
    "image": "dishes/905-view.jpg"
  }
},
{
  "model": "menu.dish",
  "pk": 107,
  "fields": {
    "category": 1,
    "subcategory": 10,
    "name": "Рубец",
    "description": "",
    "price": "350.00",
    "weight": "1/300",
    "is_available": true,
    "order": 0,
    "image": ""
  }
},
{
  "model": "menu.dish",
  "pk": 108,
  "fields": {
    "category": 1,
    "subcategory": 10,
    "name": "Жаркое с говядиной и картофелем",
    "description": "говядина, лук, картофель, зелень, перец душистый",
    "price": "550.00",
    "weight": "1/350",
    "is_available": true,
    "order": 0,
    "image": ""
  }
},
{
  "model": "menu.dish",
  "pk": 109,
  "fields": {
    "category": 1,
    "subcategory": 11,
    "name": "Грибы жареные",
    "description": "",
    "price": "480.00",
    "weight": "1/240",
    "is_available": true,
    "order": 0,
    "image": ""
  }
},
{
  "model": "menu.dish",
  "pk": 110,
  "fields": {
    "category": 1,
    "subcategory": 11,
    "name": "Грибы жареные с картофелем",
    "description": "",
    "price": "410.00",
    "weight": "1/400",
    "is_available": true,
    "order": 0,
    "image": ""
  }
},
{
  "model": "menu.dish",
  "pk": 111,
  "fields": {
    "category": 1,
    "subcategory": 11,
    "name": "Жюльен",
    "description": "(шампиньоны, грибы лесные, масло слив, сыр, сметана",
    "price": "220.00",
    "weight": "1/100",
    "is_available": true,
    "order": 0,
    "image": ""
  }
},
{
  "model": "menu.dish",
  "pk": 112,
  "fields": {
    "category": 1,
    "subcategory": 11,
    "name": "Жюльен с курицей и грибами",
    "description": "шампиньоны, грибы лесные, курица отварная, масло слив, сыр, сметана",
    "price": "250.00",
    "weight": "1/130",
    "is_available": true,
    "order": 0,
    "image": ""
  }
},
{
  "model": "menu.dish",
  "pk": 113,
  "fields": {
    "category": 1,
    "subcategory": 12,
    "name": "Картофель фри",
    "description": "",
    "price": "160.00",
    "weight": "1/100",
    "is_available": true,
    "order": 0,
    "image": "dishes/918-view.jpg"
  }
},
{
  "model": "menu.dish",
  "pk": 114,
  "fields": {
    "category": 1,
    "subcategory": 12,
    "name": "Картофельное пюре",
    "description": "",
    "price": "160.00",
    "weight": "50/200",
    "is_available": true,
    "order": 0,
    "image": ""
  }
},
{
  "model": "menu.dish",
  "pk": 115,
  "fields": {
    "category": 1,
    "subcategory": 12,
    "name": "Гречка",
    "description": "",
    "price": "120.00",
    "weight": "50/150",
    "is_available": true,
    "order": 0,
    "image": ""
  }
},
{
  "model": "menu.dish",
  "pk": 116,
  "fields": {
    "category": 1,
    "subcategory": 12,
    "name": "Отварной картофель",
    "description": "",
    "price": "160.00",
    "weight": "20/200",
    "is_available": true,
    "order": 0,
    "image": ""
  }
},
{
  "model": "menu.dish",
  "pk": 117,
  "fields": {
    "category": 1,
    "subcategory": 12,
    "name": "Картофель по-Деревенски",
    "description": "",
    "price": "160.00",
    "weight": "1/200",
    "is_available": true,
    "order": 0,
    "image": "dishes/924-view.jpg"
  }
},
{
  "model": "menu.dish",
  "pk": 118,
  "fields": {
    "category": 1,
    "subcategory": 12,
    "name": "Картофель по-Домашнему",
    "description": "",
    "price": "160.00",
    "weight": "1/200",
    "is_available": true,
    "order": 0,
    "image": ""
  }
},
{
  "model": "menu.dish",
  "pk": 119,
  "fields": {
    "category": 1,
    "subcategory": 13,
    "name": "Судак жаренный",
    "description": "",
    "price": "320.00",
    "weight": "30/100",
    "is_available": true,
    "order": 0,
    "image": "dishes/927-view.jpg"
  }
},
{
  "model": "menu.dish",
  "pk": 120,
  "fields": {
    "category": 1,
    "subcategory": 13,
    "name": "Сула в кляре",
    "description": "",
    "price": "320.00",
    "weight": "50/100",
    "is_available": true,
    "order": 0,
    "image": "dishes/928-view.jpg"
  }
},
{
  "model": "menu.dish",
  "pk": 121,
  "fields": {
    "category": 1,
    "subcategory": 13,
    "name": "Сула по-Московски",
    "description": "филе сулы, лук, грибы, сметана, сыр",
    "price": "380.00",
    "weight": "1/110",
    "is_available": true,
    "order": 0,
    "image": "dishes/930-view.jpg"
  }
},
{
  "model": "menu.dish",
  "pk": 122,
  "fields": {
    "category": 1,
    "subcategory": 13,
    "name": "Рыба Пай",
    "description": "морской язык, огурец, маслины, зелень, лимон, сыр, яйцо",
    "price": "290.00",
    "weight": "1/150",
    "is_available": true,
    "order": 0,
    "image": "dishes/932-view.jpg"
  }
},
{
  "model": "menu.dish",
  "pk": 123,
  "fields": {
    "category": 1,
    "subcategory": 13,
    "name": "Рыбка по-казачьи",
    "description": "Сазан, картофель, масло растительное, томат, морковь, лук репчатый, зелень",
    "price": "280.00",
    "weight": "1/120/200",
    "is_available": true,
    "order": 0,
    "image": "dishes/934-view.jpg"
  }
},
{
  "model": "menu.dish",
  "pk": 124,
  "fields": {
    "category": 1,
    "subcategory": 14,
    "name": "Куриные наггетсы",
    "description": "филе куриное, соус барбекю",
    "price": "170.00",
    "weight": "160/50",
    "is_available": true,
    "order": 0,
    "image": "dishes/935-view.jpg"
  }
},
{
  "model": "menu.dish",
  "pk": 125,
  "fields": {
    "category": 1,
    "subcategory": 14,
    "name": "Курица с овощами в фольге",
    "description": "курица, картофель жареный, перец болгарский, помидор, сыр, майонез",
    "price": "320.00",
    "weight": "1/250",
    "is_available": true,
    "order": 0,
    "image": "dishes/936-view.jpg"
  }
},
{
  "model": "menu.dish",
  "pk": 126,
  "fields": {
    "category": 1,
    "subcategory": 14,
    "name": "Котлета по-Киевски",
    "description": "куриное филе, масло сливочное, яйцо, чеснок",
    "price": "230.00",
    "weight": "1/130",
    "is_available": true,
    "order": 0,
    "image": "dishes/937-view.jpg"
  }
},
{
  "model": "menu.dish",
  "pk": 127,
  "fields": {
    "category": 1,
    "subcategory": 14,
    "name": "Шницель по-Министерски",
    "description": "куриное филе, яйцо, перец душистый, масло",
    "price": "220.00",
    "weight": "1/120",
    "is_available": true,
    "order": 0,
    "image": "dishes/938-view.jpg"
  }
},
{
  "model": "menu.dish",
  "pk": 128,
  "fields": {
    "category": 1,
    "subcategory": 14,
    "name": "Цыплёнок табака на гриле",
    "description": "курица, сметана, чеснок, перец душистый",
    "price": "550.00",
    "weight": "350/170",
    "is_available": true,
    "order": 0,
    "image": "dishes/940-view.jpg"
  }
},
{
  "model": "menu.dish",
  "pk": 129,
  "fields": {
    "category": 1,
    "subcategory": 15,
    "name": "Пельмени с маслом",
    "description": "",
    "price": "250.00",
    "weight": "200/20",
    "is_available": true,
    "order": 0,
    "image": "dishes/945-view.jpg"
  }
},
{
  "model": "menu.dish",
  "pk": 130,
  "fields": {
    "category": 1,
    "subcategory": 15,
    "name": "Пельмени со сметаной",
    "description": "",
    "price": "250.00",
    "weight": "200/50",
    "is_available": true,
    "order": 0,
    "image": "dishes/946-view.jpg"
  }
},
{
  "model": "menu.dish",
  "pk": 131,
  "fields": {
    "category": 1,
    "subcategory": 15,
    "name": "Пельмени с майонезом",
    "description": "",
    "price": "250.00",
    "weight": "200/50",
    "is_available": true,
    "order": 0,
    "image": "dishes/947-view.jpg"
  }
},
{
  "model": "menu.dish",
  "pk": 132,
  "fields": {
    "category": 1,
    "subcategory": 15,
    "name": "Вареники с картофелем",
    "description": "",
    "price": "250.00",
    "weight": "200/50",
    "is_available": true,
    "order": 0,
    "image": "dishes/948-view.jpg"
  }
},
{
  "model": "menu.dish",
  "pk": 133,
  "fields": {
    "category": 1,
    "subcategory": 15,
    "name": "Вареники с творогом и сметаной",
    "description": "",
    "price": "250.00",
    "weight": "200/50",
    "is_available": true,
    "order": 0,
    "image": "dishes/949-view.jpg"
  }
},
{
  "model": "menu.dish",
  "pk": 134,
  "fields": {
    "category": 1,
    "subcategory": 15,
    "name": "Вареники с вишнями",
    "description": "",
    "price": "250.00",
    "weight": "50/250",
    "is_available": true,
    "order": 0,
    "image": "dishes/950-view.jpg"
  }
},
{
  "model": "menu.dish",
  "pk": 135,
  "fields": {
    "category": 1,
    "subcategory": 15,
    "name": "Вареники с клубникой",
    "description": "",
    "price": "250.00",
    "weight": "50/250",
    "is_available": true,
    "order": 0,
    "image": "dishes/951-view.jpg"
  }
},
{
  "model": "menu.dish",
  "pk": 136,
  "fields": {
    "category": 4,
    "subcategory": 19,
    "name": "Ассорти сырное",
    "description": "сыр Эменталье, сыр Алгойский, сыр Баварский, сыр Дорблю, зелень",
    "price": "900.00",
    "weight": "1/240",
    "is_available": true,
    "order": 0,
    "image": "dishes/812-view.jpg"
  }
},
{
  "model": "menu.dish",
  "pk": 137,
  "fields": {
    "category": 4,
    "subcategory": 19,
    "name": "Сыр жареный",
    "description": "сыр голландский, сухари панировочные, яйцо, масло",
    "price": "180.00",
    "weight": "1/60",
    "is_available": true,
    "order": 0,
    "image": "dishes/813-view.jpg"
  }
},
{
  "model": "menu.dish",
  "pk": 138,
  "fields": {
    "category": 4,
    "subcategory": 19,
    "name": "Мясное ассорти",
    "description": "буженина, филе гов, \"черепаха\", суджук, колбаса московская, зелень, физалис",
    "price": "920.00",
    "weight": "20/260",
    "is_available": true,
    "order": 0,
    "image": "dishes/814-view.jpg"
  }
},
{
  "model": "menu.dish",
  "pk": 139,
  "fields": {
    "category": 4,
    "subcategory": 19,
    "name": "Рыбное ассорти",
    "description": "балык сёмга, масляная, балык из сома, тарталетки с икрой, лимон, зелень",
    "price": "950.00",
    "weight": "1/150",
    "is_available": true,
    "order": 0,
    "image": "dishes/815-view.jpg"
  }
},
{
  "model": "menu.dish",
  "pk": 140,
  "fields": {
    "category": 4,
    "subcategory": 20,
    "name": "Салат из помидоров и огурцов с маслом",
    "description": "",
    "price": "250.00",
    "weight": null,
    "is_available": true,
    "order": 0,
    "image": "dishes/833-view.jpg"
  }
},
{
  "model": "menu.dish",
  "pk": 141,
  "fields": {
    "category": 4,
    "subcategory": 20,
    "name": "Салат «Греческий»",
    "description": "огурец, помидор,перец болг., лук репч.,сыр Фетакса, маслины, масло оливк., зелень",
    "price": "290.00",
    "weight": "1/230",
    "is_available": true,
    "order": 0,
    "image": "dishes/843-view.jpg"
  }
},
{
  "model": "menu.dish",
  "pk": 142,
  "fields": {
    "category": 4,
    "subcategory": 20,
    "name": "Марсель",
    "description": "грудка куриная, авокадо, виноград, сыр Фетакса, сельдерей, масло оливковое, перец болгарский, лимон, лист салата",
    "price": "320.00",
    "weight": "1/180",
    "is_available": true,
    "order": 0,
    "image": "dishes/826-view.jpg"
  }
},
{
  "model": "menu.dish",
  "pk": 143,
  "fields": {
    "category": 4,
    "subcategory": 20,
    "name": "Венеция",
    "description": "говядина, индейка,куриная грудка, яблоко, ананас, кедровый орех, лимон, оливковое масло, чеснок, сельдерей, зелень",
    "price": "370.00",
    "weight": "1/220",
    "is_available": true,
    "order": 0,
    "image": "dishes/829-view.jpg"
  }
},
{
  "model": "menu.dish",
  "pk": 144,
  "fields": {
    "category": 4,
    "subcategory": 20,
    "name": "Теплый салат с куриной печенью и яблоком",
    "description": "печень куриная, яблоки, перец болгарский, лист салата, масло сливочное",
    "price": "350.00",
    "weight": "1/320",
    "is_available": true,
    "order": 0,
    "image": "dishes/830-view.jpg"
  }
},
{
  "model": "menu.dish",
  "pk": 145,
  "fields": {
    "category": 4,
    "subcategory": 20,
    "name": "Мясной салат с шампиньонами",
    "description": "говядина, картофель, шампиньоны, горох, зелень, сливочный соус",
    "price": "420.00",
    "weight": null,
    "is_available": true,
    "order": 0,
    "image": "dishes/832-view.jpg"
  }
},
{
  "model": "menu.dish",
  "pk": 146,
  "fields": {
    "category": 4,
    "subcategory": 20,
    "name": "Салат «Язык под шубой»",
    "description": "язык отварной, сыр, майонез, чеснок, зелень",
    "price": "360.00",
    "weight": "1/150",
    "is_available": true,
    "order": 0,
    "image": "dishes/847-view.jpg"
  }
},
{
  "model": "menu.dish",
  "pk": 147,
  "fields": {
    "category": 4,
    "subcategory": 20,
    "name": "Салат «Пикантный»",
    "description": "язык отварной, огурец, яйцо, майонез, зелень",
    "price": "330.00",
    "weight": "1/220",
    "is_available": true,
    "order": 0,
    "image": "dishes/848-view.jpg"
  }
},
{
  "model": "menu.dish",
  "pk": 148,
  "fields": {
    "category": 4,
    "subcategory": 20,
    "name": "Салат «Гнездо ласточки»",
    "description": "картофель фри, колбаса Московская, яйцо, майонез, зелень",
    "price": "250.00",
    "weight": "1/200",
    "is_available": true,
    "order": 0,
    "image": "dishes/852-view.jpg"
  }
},
{
  "model": "menu.dish",
  "pk": 149,
  "fields": {
    "category": 4,
    "subcategory": 20,
    "name": "Салат «От шефа»",
    "description": "помидоры, колбаса ветчинная, филе курицы, сыр, лист салата, майонез",
    "price": "240.00",
    "weight": "1/190",
    "is_available": true,
    "order": 0,
    "image": "dishes/854-view.jpg"
  }
},
{
  "model": "menu.dish",
  "pk": 150,
  "fields": {
    "category": 4,
    "subcategory": 20,
    "name": "Салат «Королевский»",
    "description": "ветчина, шампиньоны отвар, лук, сыр, помидор, майонез, зелень, перец болг",
    "price": "240.00",
    "weight": "1/190",
    "is_available": true,
    "order": 0,
    "image": "dishes/855-view.jpg"
  }
},
{
  "model": "menu.dish",
  "pk": 151,
  "fields": {
    "category": 4,
    "subcategory": 20,
    "name": "Княжеский",
    "description": "говядина, куриное филе, чернослив, яблоко, сметана, майонез, лимон, сыр, кедровые орешки, зелень",
    "price": "320.00",
    "weight": "200",
    "is_available": true,
    "order": 0,
    "image": "dishes/15593-view.jpg"
  }
},
{
  "model": "menu.dish",
  "pk": 152,
  "fields": {
    "category": 4,
    "subcategory": 20,
    "name": "Салат «Цезарь с курицей»",
    "description": "курица отварная, лист салата, помидор, сухарики, сыр пармезан, заправка Цезарь",
    "price": "440.00",
    "weight": "1/240",
    "is_available": true,
    "order": 0,
    "image": "dishes/856-view.jpg"
  }
},
{
  "model": "menu.dish",
  "pk": 153,
  "fields": {
    "category": 4,
    "subcategory": 20,
    "name": "Салат «Цезарь с креветкой»",
    "description": "креветка кор., салат, черри, сыр, уксус бальз, маслины, соевый соус, мед, чеснок, сухарики",
    "price": "640.00",
    "weight": "1/250",
    "is_available": true,
    "order": 0,
    "image": "dishes/857-view.jpg"
  }
},
{
  "model": "menu.dish",
  "pk": 154,
  "fields": {
    "category": 4,
    "subcategory": 20,
    "name": "Салат «Цезарь с семгой»",
    "description": "балык семги., салат, черри, сыр, уксус бальз, маслины, соевый соус, чеснок, сухарики",
    "price": "620.00",
    "weight": "1/240",
    "is_available": true,
    "order": 0,
    "image": "dishes/858-view.jpg"
  }
},
{
  "model": "menu.dish",
  "pk": 155,
  "fields": {
    "category": 4,
    "subcategory": 20,
    "name": "Карибский дуэт",
    "description": "креветки королевские, ананас, авокадо, сыр, лимон, майонез зелень, чеснок",
    "price": "650.00",
    "weight": "1/300",
    "is_available": true,
    "order": 0,
    "image": "dishes/827-view.jpg"
  }
},
{
  "model": "menu.dish",
  "pk": 156,
  "fields": {
    "category": 4,
    "subcategory": 20,
    "name": "Салат «Нептун»",
    "description": "балык семги, яйцо, сыр, майонез, апельсин, помидор, огурец, маслина",
    "price": "400.00",
    "weight": "1/200",
    "is_available": true,
    "order": 0,
    "image": "dishes/862-view.jpg"
  }
},
{
  "model": "menu.dish",
  "pk": 157,
  "fields": {
    "category": 4,
    "subcategory": 20,
    "name": "Салат «Шрим-коктейль»",
    "description": "морепродукты, огурец, сыр, майонез, лимон, зелень",
    "price": "430.00",
    "weight": "1/225",
    "is_available": true,
    "order": 0,
    "image": "dishes/863-view.jpg"
  }
},
{
  "model": "menu.dish",
  "pk": 158,
  "fields": {
    "category": 4,
    "subcategory": 20,
    "name": "Салат «Морской»",
    "description": "морепродукты, помидор, огурец, масло оливковое, перец болгарский, зелень, соевый соус",
    "price": "490.00",
    "weight": "1/235",
    "is_available": true,
    "order": 0,
    "image": "dishes/864-view.jpg"
  }
},
{
  "model": "menu.dish",
  "pk": 159,
  "fields": {
    "category": 4,
    "subcategory": 21,
    "name": "Харчо",
    "description": "",
    "price": "240.00",
    "weight": "50/500",
    "is_available": true,
    "order": 0,
    "image": ""
  }
},
{
  "model": "menu.dish",
  "pk": 160,
  "fields": {
    "category": 4,
    "subcategory": 22,
    "name": "Стейк из свинины на гриле",
    "description": "",
    "price": "420.00",
    "weight": "140/130",
    "is_available": true,
    "order": 0,
    "image": "dishes/879-view.jpg"
  }
},
{
  "model": "menu.dish",
  "pk": 161,
  "fields": {
    "category": 4,
    "subcategory": 22,
    "name": "Телятина в белом вине",
    "description": "телятина, мука, чеснок, лимон, зелень, белое вино",
    "price": "620.00",
    "weight": "1/130",
    "is_available": true,
    "order": 0,
    "image": "dishes/904-view.jpg"
  }
},
{
  "model": "menu.dish",
  "pk": 162,
  "fields": {
    "category": 4,
    "subcategory": 22,
    "name": "Телятина по-Венски с косточкой",
    "description": "(антрекот из телятины, коньяк, специи, лук, перец болгар",
    "price": "750.00",
    "weight": "180",
    "is_available": true,
    "order": 0,
    "image": "dishes/907-view.jpg"
  }
},
{
  "model": "menu.dish",
  "pk": 163,
  "fields": {
    "category": 4,
    "subcategory": 22,
    "name": "Филе говяжье «Столичное»",
    "description": "говядина, перец болгар, черри, зелень, апельсин. джем, соус Табаско",
    "price": "620.00",
    "weight": "50/150",
    "is_available": true,
    "order": 0,
    "image": "dishes/912-view.jpg"
  }
},
{
  "model": "menu.dish",
  "pk": 164,
  "fields": {
    "category": 4,
    "subcategory": 23,
    "name": "Рис отварной",
    "description": "",
    "price": "120.00",
    "weight": "50/150",
    "is_available": true,
    "order": 0,
    "image": ""
  }
},
{
  "model": "menu.dish",
  "pk": 165,
  "fields": {
    "category": 4,
    "subcategory": 23,
    "name": "Темпура овощная",
    "description": "капуста брокколи, кабачки, перец болгарский, помидор черри, лимон. Готовится во фритюре.",
    "price": "160.00",
    "weight": "160",
    "is_available": true,
    "order": 0,
    "image": "dishes/25450-view.jpg"
  }
},
{
  "model": "menu.dish",
  "pk": 166,
  "fields": {
    "category": 4,
    "subcategory": 24,
    "name": "Сёмга жареная",
    "description": "сёмга, яйцо, лимон, зелень, огурец, помидор",
    "price": "920.00",
    "weight": "1/120",
    "is_available": true,
    "order": 0,
    "image": "dishes/929-view.jpg"
  }
},
{
  "model": "menu.dish",
  "pk": 167,
  "fields": {
    "category": 4,
    "subcategory": 24,
    "name": "Форель жареная",
    "description": "",
    "price": "900.00",
    "weight": "1/500",
    "is_available": true,
    "order": 0,
    "image": "dishes/931-view.jpg"
  }
},
{
  "model": "menu.dish",
  "pk": 168,
  "fields": {
    "category": 4,
    "subcategory": 24,
    "name": "Морской язык в ореховой панировке",
    "description": "Морской язык, лимон, орехи, зелень, огурец, яйцо, маслины",
    "price": "300.00",
    "weight": "1/150",
    "is_available": true,
    "order": 0,
    "image": "dishes/933-view.jpg"
  }
},
{
  "model": "menu.dish",
  "pk": 169,
  "fields": {
    "category": 4,
    "subcategory": 25,
    "name": "Медальон из индейки",
    "description": "филе индейки, чеснок, перец, соевый соус, перец болгар, лук, шампиньоны, сметана, лист салата, вино белое сухое",
    "price": "340.00",
    "weight": "300",
    "is_available": true,
    "order": 0,
    "image": "dishes/942-view.jpg"
  }
},
{
  "model": "menu.dish",
  "pk": 170,
  "fields": {
    "category": 1,
    "subcategory": 16,
    "name": "Курник",
    "description": "филе куринное, грибы, лук, яйцо, майонез, блины, тесто слоеное, масло слив., лист салата",
    "price": "1900.00",
    "weight": "1/1500",
    "is_available": true,
    "order": 0,
    "image": "dishes/954-view.jpg"
  }
},
{
  "model": "menu.dish",
  "pk": 171,
  "fields": {
    "category": 1,
    "subcategory": 16,
    "name": "«Черепаха» по весу",
    "description": "курица, свинина, чеснок, душистый перец",
    "price": "1900.00",
    "weight": "1000",
    "is_available": true,
    "order": 0,
    "image": "dishes/955-view.jpg"
  }
},
{
  "model": "menu.dish",
  "pk": 172,
  "fields": {
    "category": 1,
    "subcategory": 16,
    "name": "Сазан запечённый, фаршированный капустой",
    "description": "сазан, капуста, перец душист",
    "price": "2800.00",
    "weight": "3500 - 4000",
    "is_available": true,
    "order": 0,
    "image": "dishes/956-view.jpg"
  }
},
{
  "model": "menu.dish",
  "pk": 173,
  "fields": {
    "category": 1,
    "subcategory": 16,
    "name": "Утка, фаршированная яблоками",
    "description": "",
    "price": "2400.00",
    "weight": null,
    "is_available": true,
    "order": 0,
    "image": "dishes/957-view.jpg"
  }
},
{
  "model": "menu.dish",
  "pk": 174,
  "fields": {
    "category": 1,
    "subcategory": 16,
    "name": "Мясо \"Славянское\"",
    "description": "говядина, бекон сыро-копченный, тесто слоеное, маслины",
    "price": "3200.00",
    "weight": "1600",
    "is_available": true,
    "order": 0,
    "image": "dishes/958-view.jpg"
  }
},
{
  "model": "menu.dish",
  "pk": 175,
  "fields": {
    "category": 1,
    "subcategory": 16,
    "name": "Рулет «Фантазия»",
    "description": "курица, урюк, томатная паста",
    "price": "2500.00",
    "weight": "1000",
    "is_available": true,
    "order": 0,
    "image": "dishes/959-view.jpg"
  }
},
{
  "model": "menu.dish",
  "pk": 176,
  "fields": {
    "category": 1,
    "subcategory": 16,
    "name": "Рулет «Мозаика»",
    "description": "курица, яйцо, молоко, куриная печень, зелень",
    "price": "2000.00",
    "weight": "1000",
    "is_available": true,
    "order": 0,
    "image": "dishes/960-view.jpg"
  }
},
{
  "model": "menu.dish",
  "pk": 177,
  "fields": {
    "category": 1,
    "subcategory": 16,
    "name": "Грибы, фаршированные мясом",
    "description": "",
    "price": "600.00",
    "weight": "3/100",
    "is_available": true,
    "order": 0,
    "image": ""
  }
},
{
  "model": "menu.dish",
  "pk": 178,
  "fields": {
    "category": 1,
    "subcategory": 16,
    "name": "Мясо по-купечески",
    "description": "Филе свинины, филе говядины, чеснок",
    "price": "3000.00",
    "weight": "1/1000/50",
    "is_available": true,
    "order": 0,
    "image": "dishes/969-view.jpg"
  }
},
{
  "model": "menu.dish",
  "pk": 179,
  "fields": {
    "category": 1,
    "subcategory": 16,
    "name": "Курица по-Старорусски по весу",
    "description": "Запеченная курица фаршированная блинами с куриной печенью и грибами. по весу",
    "price": "1900.00",
    "weight": "1000",
    "is_available": true,
    "order": 0,
    "image": "dishes/11731-view.jpg"
  }
},
{
  "model": "menu.dish",
  "pk": 180,
  "fields": {
    "category": 1,
    "subcategory": 16,
    "name": "Ножка молодого барашка",
    "description": "",
    "price": "4600.00",
    "weight": "400/1500",
    "is_available": true,
    "order": 0,
    "image": "dishes/16146-view.jpg"
  }
},
{
  "model": "menu.dish",
  "pk": 181,
  "fields": {
    "category": 1,
    "subcategory": 17,
    "name": "Бизнес ланч №1",
    "description": "солянка мясная, котлета по-киевски, картофельное пюре, салат из свежей капусты, хлеб",
    "price": "510.00",
    "weight": null,
    "is_available": true,
    "order": 0,
    "image": ""
  }
},
{
  "model": "menu.dish",
  "pk": 182,
  "fields": {
    "category": 1,
    "subcategory": 17,
    "name": "Бизнес ланч №2",
    "description": "борщ домашний, пельмени с маслом, салат из квашенной капусты, хлеб",
    "price": "460.00",
    "weight": null,
    "is_available": true,
    "order": 0,
    "image": ""
  }
},
{
  "model": "menu.dish",
  "pk": 183,
  "fields": {
    "category": 1,
    "subcategory": 17,
    "name": "Бизнес ланч №3",
    "description": "суп с фрикадельками, рыба пай, картофель фри, огурец соленый, хлеб",
    "price": "580.00",
    "weight": null,
    "is_available": true,
    "order": 0,
    "image": ""
  }
},
{
  "model": "menu.dish",
  "pk": 184,
  "fields": {
    "category": 1,
    "subcategory": 17,
    "name": "Бизнес ланч №4",
    "description": "лапша куриная, котлета домашняя, рис, огурец свежий, хлеб",
    "price": "450.00",
    "weight": null,
    "is_available": true,
    "order": 0,
    "image": ""
  }
},
{
  "model": "menu.dish",
  "pk": 185,
  "fields": {
    "category": 4,
    "subcategory": 26,
    "name": "Косы-Медальоны из семги",
    "description": "Семга, лимон, зелень, маслины, помидоры, огурцы, перец",
    "price": "3800.00",
    "weight": "720/200",
    "is_available": true,
    "order": 0,
    "image": "dishes/967-view.jpg"
  }
},
{
  "model": "menu.dish",
  "pk": 186,
  "fields": {
    "category": 5,
    "subcategory": null,
    "name": "Шашлык свинина (по весу)",
    "description": "",
    "price": "140.00",
    "weight": "чр 100у",
    "is_available": true,
    "order": 0,
    "image": "dishes/1107-view.jpg"
  }
},
{
  "model": "menu.dish",
  "pk": 187,
  "fields": {
    "category": 5,
    "subcategory": null,
    "name": "Шашлык баранина (корейка) по весу",
    "description": "",
    "price": "250.00",
    "weight": "чр 100у",
    "is_available": true,
    "order": 0,
    "image": "dishes/1108-view.jpg"
  }
},
{
  "model": "menu.dish",
  "pk": 188,
  "fields": {
    "category": 5,
    "subcategory": null,
    "name": "Шашлык семга ( по весу)",
    "description": "",
    "price": "300.00",
    "weight": "чр 100у",
    "is_available": true,
    "order": 0,
    "image": "dishes/1109-view.jpg"
  }
},
{
  "model": "menu.dish",
  "pk": 189,
  "fields": {
    "category": 5,
    "subcategory": null,
    "name": "Люля-кебаб из курицы (по весу)",
    "description": "",
    "price": "120.00",
    "weight": "чр 100у",
    "is_available": true,
    "order": 0,
    "image": "dishes/1111-view.jpg"
  }
},
{
  "model": "menu.dish",
  "pk": 190,
  "fields": {
    "category": 5,
    "subcategory": null,
    "name": "Люля-кебаб свинина-говядина (по весу)",
    "description": "",
    "price": "120.00",
    "weight": "чр 100у",
    "is_available": true,
    "order": 0,
    "image": "dishes/1112-view.jpg"
  }
},
{
  "model": "menu.dish",
  "pk": 191,
  "fields": {
    "category": 5,
    "subcategory": null,
    "name": "Люля-кебаб из баранины (по весу)",
    "description": "",
    "price": "120.00",
    "weight": "чр 100у",
    "is_available": true,
    "order": 0,
    "image": "dishes/1114-view.jpg"
  }
},
{
  "model": "menu.dish",
  "pk": 192,
  "fields": {
    "category": 5,
    "subcategory": null,
    "name": "Грибы шампиньоны",
    "description": "",
    "price": "200.00",
    "weight": "130",
    "is_available": true,
    "order": 0,
    "image": "dishes/1115-view.jpg"
  }
},
{
  "model": "menu.dish",
  "pk": 193,
  "fields": {
    "category": 5,
    "subcategory": null,
    "name": "Овощи на мангале (аджапсандал)",
    "description": "(перец балгарский, помидор, баклажан)\r\nПодается холодным салатом",
    "price": "200.00",
    "weight": "130",
    "is_available": true,
    "order": 0,
    "image": "dishes/1116-view.jpg"
  }
},
{
  "model": "menu.dish",
  "pk": 194,
  "fields": {
    "category": 4,
    "subcategory": 27,
    "name": "Бургер с сочной мясной котлетой",
    "description": "Классический бургер с свино-говяжьей котлетой, томатами, маринованными и свежими огурцами, луком, салатной зеленью и острым соусом.",
    "price": "300.00",
    "weight": "360",
    "is_available": true,
    "order": 0,
    "image": "dishes/15364-view.jpg"
  }
},
{
  "model": "menu.dish",
  "pk": 195,
  "fields": {
    "category": 4,
    "subcategory": 27,
    "name": "Бургер с жареной курочкой и соусом Тар-тар",
    "description": "Аппетитный и ароматный бургер с куриной грудкой, беконом, томатами, маринованным огурцом, луком, салатной зеленью и соусом Тар-тар.",
    "price": "320.00",
    "weight": "350",
    "is_available": true,
    "order": 0,
    "image": "dishes/15365-view.jpg"
  }
},
{
  "model": "menu.dish",
  "pk": 196,
  "fields": {
    "category": 4,
    "subcategory": 27,
    "name": "Бурито",
    "description": "Лепешка тортилья с тигровыми креветками, салатной зеленью, маринованным огурцом, луком, черри и соусом Тар-тар.",
    "price": "350.00",
    "weight": "260",
    "is_available": true,
    "order": 0,
    "image": "dishes/15369-view.jpg"
  }
},
{
  "model": "menu.dish",
  "pk": 197,
  "fields": {
    "category": 1,
    "subcategory": 18,
    "name": "Наполеон",
    "description": "слоеное тесто, заварной сливочный крем.",
    "price": "250.00",
    "weight": "120",
    "is_available": true,
    "order": 0,
    "image": "dishes/15257-view.jpg"
  }
},
{
  "model": "menu.dish",
  "pk": 198,
  "fields": {
    "category": 4,
    "subcategory": 28,
    "name": "Брауни",
    "description": "шоколадный торт с лесным орехом и шариком ванильного мороженого",
    "price": "270.00",
    "weight": "230",
    "is_available": true,
    "order": 0,
    "image": "dishes/15258-view.jpg"
  }
},
{
  "model": "menu.dish",
  "pk": 199,
  "fields": {
    "category": 4,
    "subcategory": 28,
    "name": "Чиз кейк классический",
    "description": "",
    "price": "170.00",
    "weight": "100",
    "is_available": true,
    "order": 0,
    "image": ""
  }
},
{
  "model": "menu.dish",
  "pk": 200,
  "fields": {
    "category": 2,
    "subcategory": 31,
    "name": "Тирамису",
    "description": "сливочный крем, бисквитное печенье, кофейный ликер.",
    "price": "250.00",
    "weight": "180",
    "is_available": true,
    "order": 0,
    "image": ""
  }
},
{
  "model": "menu.dish",
  "pk": 201,
  "fields": {
    "category": 1,
    "subcategory": 18,
    "name": "Фруктовая композиция",
    "description": "Композиция из фруктов в ананасе.",
    "price": "2300.00",
    "weight": "3500 - 4000",
    "is_available": true,
    "order": 0,
    "image": "dishes/15252-view.jpg"
  }
},
{
  "model": "menu.dish",
  "pk": 202,
  "fields": {
    "category": 6,
    "subcategory": 39,
    "name": "Молочные коктейль ванильный",
    "description": "",
    "price": "200.00",
    "weight": "250мл",
    "is_available": true,
    "order": 0,
    "image": "dishes/15450-view.jpg"
  }
},
{
  "model": "menu.dish",
  "pk": 203,
  "fields": {
    "category": 6,
    "subcategory": 39,
    "name": "Молочный коктейль с бананом",
    "description": "",
    "price": "200.00",
    "weight": "250мл",
    "is_available": true,
    "order": 0,
    "image": "dishes/15451-view.jpg"
  }
},
{
  "model": "menu.dish",
  "pk": 204,
  "fields": {
    "category": 6,
    "subcategory": 39,
    "name": "Клубничный молочный коктейль",
    "description": "",
    "price": "200.00",
    "weight": "250мл",
    "is_available": true,
    "order": 0,
    "image": "dishes/15452-view.jpg"
  }
},
{
  "model": "menu.dish",
  "pk": 205,
  "fields": {
    "category": 6,
    "subcategory": 39,
    "name": "Шоколадный молочный коктейль",
    "description": "",
    "price": "200.00",
    "weight": "250мл",
    "is_available": true,
    "order": 0,
    "image": "dishes/15454-view.jpg"
  }
},
{
  "model": "menu.dish",
  "pk": 206,
  "fields": {
    "category": 6,
    "subcategory": 40,
    "name": "Клубничный переполох",
    "description": "клубника, яблоко, банан",
    "price": "200.00",
    "weight": "250мл",
    "is_available": true,
    "order": 0,
    "image": "dishes/20189-view.jpg"
  }
},
{
  "model": "menu.dish",
  "pk": 207,
  "fields": {
    "category": 6,
    "subcategory": 40,
    "name": "Манго-шманго",
    "description": "манго, апельсин, ананас, клубника",
    "price": "200.00",
    "weight": "250мл",
    "is_available": true,
    "order": 0,
    "image": "dishes/20190-view.jpg"
  }
},
{
  "model": "menu.dish",
  "pk": 208,
  "fields": {
    "category": 6,
    "subcategory": 32,
    "name": "Апельсиновый фреш",
    "description": "Свежевыжатый апельсиновый сок",
    "price": "300.00",
    "weight": "0,2 л",
    "is_available": true,
    "order": 0,
    "image": ""
  }
},
{
  "model": "menu.dish",
  "pk": 209,
  "fields": {
    "category": 6,
    "subcategory": 33,
    "name": "Клюквенный морс",
    "description": "",
    "price": "400.00",
    "weight": "1 л",
    "is_available": true,
    "order": 0,
    "image": ""
  }
},
{
  "model": "menu.dish",
  "pk": 210,
  "fields": {
    "category": 6,
    "subcategory": 33,
    "name": "Узвар из сухофруктов",
    "description": "",
    "price": "400.00",
    "weight": "1 л",
    "is_available": true,
    "order": 0,
    "image": ""
  }
},
{
  "model": "menu.dish",
  "pk": 211,
  "fields": {
    "category": 6,
    "subcategory": 32,
    "name": "Сок в ассортименте",
    "description": "",
    "price": "350.00",
    "weight": "1 л",
    "is_available": true,
    "order": 0,
    "image": ""
  }
},
{
  "model": "menu.dish",
  "pk": 212,
  "fields": {
    "category": 6,
    "subcategory": 32,
    "name": "Сок в ассортименте",
    "description": "",
    "price": "70.00",
    "weight": "0,2 л",
    "is_available": true,
    "order": 0,
    "image": ""
  }
},
{
  "model": "menu.dish",
  "pk": 213,
  "fields": {
    "category": 6,
    "subcategory": 34,
    "name": "Нарзан",
    "description": "",
    "price": "150.00",
    "weight": "0,5 л",
    "is_available": true,
    "order": 0,
    "image": ""
  }
},
{
  "model": "menu.dish",
  "pk": 214,
  "fields": {
    "category": 6,
    "subcategory": 34,
    "name": "Вода негазированная",
    "description": "",
    "price": "200.00",
    "weight": "0,5 л",
    "is_available": true,
    "order": 0,
    "image": ""
  }
},
{
  "model": "menu.dish",
  "pk": 215,
  "fields": {
    "category": 6,
    "subcategory": 34,
    "name": "Боржоми",
    "description": "",
    "price": "200.00",
    "weight": "0,5 л",
    "is_available": true,
    "order": 0,
    "image": ""
  }
},
{
  "model": "menu.dish",
  "pk": 216,
  "fields": {
    "category": 6,
    "subcategory": 34,
    "name": "Рычал-Су",
    "description": "",
    "price": "200.00",
    "weight": "0,5 л",
    "is_available": true,
    "order": 0,
    "image": ""
  }
},
{
  "model": "menu.dish",
  "pk": 217,
  "fields": {
    "category": 6,
    "subcategory": 35,
    "name": "Кока-кола",
    "description": "",
    "price": "150.00",
    "weight": "0,5 л",
    "is_available": true,
    "order": 0,
    "image": ""
  }
},
{
  "model": "menu.dish",
  "pk": 218,
  "fields": {
    "category": 6,
    "subcategory": 35,
    "name": "Кока-кола стекло",
    "description": "",
    "price": "150.00",
    "weight": "0,33 л",
    "is_available": true,
    "order": 0,
    "image": ""
  }
},
{
  "model": "menu.dish",
  "pk": 219,
  "fields": {
    "category": 6,
    "subcategory": 35,
    "name": "Кока-кола",
    "description": "",
    "price": "220.00",
    "weight": "1 л",
    "is_available": true,
    "order": 0,
    "image": ""
  }
},
{
  "model": "menu.dish",
  "pk": 220,
  "fields": {
    "category": 6,
    "subcategory": 35,
    "name": "Лимонад «Ипатово»",
    "description": "",
    "price": "150.00",
    "weight": "0,5 л",
    "is_available": true,
    "order": 0,
    "image": ""
  }
},
{
  "model": "menu.dish",
  "pk": 221,
  "fields": {
    "category": 6,
    "subcategory": 36,
    "name": "Американо",
    "description": "",
    "price": "100.00",
    "weight": "200 мл",
    "is_available": true,
    "order": 0,
    "image": ""
  }
},
{
  "model": "menu.dish",
  "pk": 222,
  "fields": {
    "category": 6,
    "subcategory": 36,
    "name": "Эспрессо",
    "description": "",
    "price": "100.00",
    "weight": "100 мл",
    "is_available": true,
    "order": 0,
    "image": ""
  }
},
{
  "model": "menu.dish",
  "pk": 223,
  "fields": {
    "category": 6,
    "subcategory": 36,
    "name": "Капучино",
    "description": "",
    "price": "200.00",
    "weight": "180 мл",
    "is_available": true,
    "order": 0,
    "image": ""
  }
},
{
  "model": "menu.dish",
  "pk": 224,
  "fields": {
    "category": 6,
    "subcategory": 36,
    "name": "Латте",
    "description": "",
    "price": "200.00",
    "weight": "180 мл",
    "is_available": true,
    "order": 0,
    "image": ""
  }
},
{
  "model": "menu.dish",
  "pk": 225,
  "fields": {
    "category": 6,
    "subcategory": 36,
    "name": "Мокачино",
    "description": "",
    "price": "200.00",
    "weight": "180 мл",
    "is_available": true,
    "order": 0,
    "image": ""
  }
},
{
  "model": "menu.dish",
  "pk": 226,
  "fields": {
    "category": 6,
    "subcategory": 37,
    "name": "Молочный горячий шоколад",
    "description": "",
    "price": "200.00",
    "weight": "180 мл",
    "is_available": true,
    "order": 0,
    "image": ""
  }
},
{
  "model": "menu.dish",
  "pk": 227,
  "fields": {
    "category": 6,
    "subcategory": 38,
    "name": "Чай в ассортименте",
    "description": "(черный, зеленый, зеленый/жасмин, черный/чебрец, черный/бергамот)",
    "price": "300.00",
    "weight": "600 мл",
    "is_available": true,
    "order": 0,
    "image": ""
  }
},
{
  "model": "menu.dish",
  "pk": 228,
  "fields": {
    "category": 6,
    "subcategory": 38,
    "name": "Наглый фрукт",
    "description": "",
    "price": "300.00",
    "weight": "300 мл",
    "is_available": true,
    "order": 0,
    "image": ""
  }
},
{
  "model": "menu.dish",
  "pk": 229,
  "fields": {
    "category": 6,
    "subcategory": 38,
    "name": "Облепиховый",
    "description": "",
    "price": "350.00",
    "weight": "300 мл",
    "is_available": true,
    "order": 0,
    "image": ""
  }
},
{
  "model": "menu.dish",
  "pk": 230,
  "fields": {
    "category": 6,
    "subcategory": 38,
    "name": "Имбирный",
    "description": "",
    "price": "350.00",
    "weight": "300 мл",
    "is_available": true,
    "order": 0,
    "image": ""
  }
},
{
  "model": "menu.dish",
  "pk": 231,
  "fields": {
    "category": 6,
    "subcategory": 38,
    "name": "Венский",
    "description": "",
    "price": "350.00",
    "weight": "300 мл",
    "is_available": true,
    "order": 0,
    "image": ""
  }
},
{
  "model": "menu.dish",
  "pk": 232,
  "fields": {
    "category": 1,
    "subcategory": 18,
    "name": "Медовик",
    "description": "",
    "price": "250.00",
    "weight": "150",
    "is_available": true,
    "order": 0,
    "image": ""
  }
},
{
  "model": "menu.dish",
  "pk": 233,
  "fields": {
    "category": 4,
    "subcategory": 28,
    "name": "Морковный",
    "description": "",
    "price": "250.00",
    "weight": "150",
    "is_available": true,
    "order": 0,
    "image": ""
  }
},
{
  "model": "menu.dish",
  "pk": 235,
  "fields": {
    "category": 4,
    "subcategory": 28,
    "name": "Мороженое с наполнителем в асс.",
    "description": "Кол-во шаров и топинг(шоколад, клубника, вишня, карамель, лесные ягоды) указывать в комментариях к заказу",
    "price": "150.00",
    "weight": "100/30",
    "is_available": true,
    "order": 0,
    "image": ""
  }
},
{
  "model": "menu.dish",
  "pk": 236,
  "fields": {
    "category": 4,
    "subcategory": 28,
    "name": "Конфеты Мерси",
    "description": "",
    "price": "500.00",
    "weight": "250",
    "is_available": true,
    "order": 0,
    "image": ""
  }
},
{
  "model": "menu.dish",
  "pk": 237,
  "fields": {
    "category": 2,
    "subcategory": 31,
    "name": "Панакота",
    "description": "",
    "price": "200.00",
    "weight": "160",
    "is_available": true,
    "order": 0,
    "image": ""
  }
},
{
  "model": "menu.dish",
  "pk": 238,
  "fields": {
    "category": 1,
    "subcategory": 18,
    "name": "Шоколад",
    "description": "",
    "price": "300.00",
    "weight": "1 °Є",
    "is_available": true,
    "order": 0,
    "image": ""
  }
},
{
  "model": "menu.dish",
  "pk": 239,
  "fields": {
    "category": 2,
    "subcategory": 31,
    "name": "Рафаэлло",
    "description": "",
    "price": "450.00",
    "weight": "150",
    "is_available": true,
    "order": 0,
    "image": ""
  }
},
{
  "model": "bookings.table",
  "pk": 1,
  "fields": {
    "table_number": 1,
    "seats": 4,
    "location": "Нижний зал",
    "is_active": true
  }
},
{
  "model": "bookings.table",
  "pk": 2,
  "fields": {
    "table_number": 2,
    "seats": 4,
    "location": "Нижний зал",
    "is_active": true
  }
},
{
  "model": "bookings.table",
  "pk": 3,
  "fields": {
    "table_number": 3,
    "seats": 4,
    "location": "Нижний зал",
    "is_active": true
  }
},
{
  "model": "bookings.table",
  "pk": 4,
  "fields": {
    "table_number": 4,
    "seats": 4,
    "location": "Нижний зал",
    "is_active": true
  }
},
{
  "model": "bookings.table",
  "pk": 5,
  "fields": {
    "table_number": 5,
    "seats": 4,
    "location": "Нижний зал",
    "is_active": true
  }
},
{
  "model": "bookings.table",
  "pk": 6,
  "fields": {
    "table_number": 6,
    "seats": 2,
    "location": "Нижний зал",
    "is_active": true
  }
},
{
  "model": "bookings.table",
  "pk": 7,
  "fields": {
    "table_number": 7,
    "seats": 2,
    "location": "Нижний зал",
    "is_active": true
  }
},
{
  "model": "bookings.table",
  "pk": 8,
  "fields": {
    "table_number": 8,
    "seats": 2,
    "location": "Нижний зал",
    "is_active": true
  }
},
{
  "model": "bookings.table",
  "pk": 9,
  "fields": {
    "table_number": 9,
    "seats": 2,
    "location": "Нижний зал",
    "is_active": true
  }
},
{
  "model": "bookings.table",
  "pk": 10,
  "fields": {
    "table_number": 10,
    "seats": 8,
    "location": "Нижний зал",
    "is_active": true
  }
},
{
  "model": "bookings.table",
  "pk": 11,
  "fields": {
    "table_number": 11,
    "seats": 6,
    "location": "Верхний зал",
    "is_active": true
  }
},
{
  "model": "bookings.table",
  "pk": 12,
  "fields": {
    "table_number": 12,
    "seats": 6,
    "location": "Верхний зал",
    "is_active": true
  }
},
{
  "model": "bookings.table",
  "pk": 13,
  "fields": {
    "table_number": 13,
    "seats": 6,
    "location": "Верхний зал",
    "is_active": true
  }
},
{
  "model": "bookings.table",
  "pk": 14,
  "fields": {
    "table_number": 14,
    "seats": 6,
    "location": "Верхний зал",
    "is_active": true
  }
},
{
  "model": "bookings.table",
  "pk": 15,
  "fields": {
    "table_number": 15,
    "seats": 4,
    "location": "Верхний зал",
    "is_active": true
  }
},
{
  "model": "bookings.table",
  "pk": 16,
  "fields": {
    "table_number": 16,
    "seats": 4,
    "location": "Верхний зал",
    "is_active": true
  }
},
{
  "model": "bookings.table",
  "pk": 17,
  "fields": {
    "table_number": 17,
    "seats": 2,
    "location": "Верхний зал",
    "is_active": true
  }
},
{
  "model": "bookings.table",
  "pk": 18,
  "fields": {
    "table_number": 18,
    "seats": 2,
    "location": "Верхний зал",
    "is_active": true
  }
},
{
  "model": "bookings.table",
  "pk": 19,
  "fields": {
    "table_number": 19,
    "seats": 8,
    "location": "Верхний зал",
    "is_active": true
  }
},
{
  "model": "bookings.table",
  "pk": 20,
  "fields": {
    "table_number": 20,
    "seats": 8,
    "location": "Верхний зал",
    "is_active": true
  }
},
{
  "model": "bookings.table",
  "pk": 21,
  "fields": {
    "table_number": 21,
    "seats": 2,
    "location": "Улица",
    "is_active": true
  }
},
{
  "model": "bookings.table",
  "pk": 22,
  "fields": {
    "table_number": 22,
    "seats": 2,
    "location": "Улица",
    "is_active": true
  }
},
{
  "model": "bookings.table",
  "pk": 23,
  "fields": {
    "table_number": 23,
    "seats": 2,
    "location": "Улица",
    "is_active": true
  }
},
{
  "model": "bookings.table",
  "pk": 24,
  "fields": {
    "table_number": 24,
    "seats": 2,
    "location": "Улица",
    "is_active": true
  }
},
{
  "model": "bookings.table",
  "pk": 25,
  "fields": {
    "table_number": 25,
    "seats": 4,
    "location": "Улица",
    "is_active": true
  }
},
{
  "model": "bookings.table",
  "pk": 26,
  "fields": {
    "table_number": 26,
    "seats": 4,
    "location": "Улица",
    "is_active": true
  }
},
{
  "model": "bookings.table",
  "pk": 27,
  "fields": {
    "table_number": 27,
    "seats": 4,
    "location": "Улица",
    "is_active": true
  }
},
{
  "model": "bookings.table",
  "pk": 28,
  "fields": {
    "table_number": 28,
    "seats": 6,
    "location": "Улица",
    "is_active": true
  }
},
{
  "model": "bookings.table",
  "pk": 29,
  "fields": {
    "table_number": 29,
    "seats": 6,
    "location": "Улица",
    "is_active": true
  }
},
{
  "model": "bookings.table",
  "pk": 30,
  "fields": {
    "table_number": 30,
    "seats": 8,
    "location": "Улица",
    "is_active": true
  }
},

{
  "model": "users.profile",
  "pk": 4,
  "fields": {
    "user": [
      "offline_client"
    ],
    "phone": "Не указан",
    "address": "",
    "avatar": ""
  }
}
]
